-- phpMyAdmin SQL Dump
-- version 3.4.10.1deb1
-- http://www.phpmyadmin.net
--
-- Host: localhost
-- Generation Time: Jan 16, 2015 at 03:57 AM
-- Server version: 5.5.40
-- PHP Version: 5.3.10-1ubuntu3.14

SET SQL_MODE="NO_AUTO_VALUE_ON_ZERO";
SET time_zone = "+00:00";


/*!40101 SET @OLD_CHARACTER_SET_CLIENT=@@CHARACTER_SET_CLIENT */;
/*!40101 SET @OLD_CHARACTER_SET_RESULTS=@@CHARACTER_SET_RESULTS */;
/*!40101 SET @OLD_COLLATION_CONNECTION=@@COLLATION_CONNECTION */;
/*!40101 SET NAMES utf8 */;

--
-- Database: `hjem`
--

-- --------------------------------------------------------

--
-- Table structure for table `hj_staticpagecontaint`
--

CREATE TABLE IF NOT EXISTS `hj_staticpagecontaint` (
  `id` int(11) NOT NULL AUTO_INCREMENT,
  `pageid` int(11) NOT NULL DEFAULT '0',
  `langId` int(11) DEFAULT '0',
  `pageTitle` varchar(250) NOT NULL DEFAULT '',
  `pageContaint` text NOT NULL,
  `metaTitle` text NOT NULL,
  `keyWords` text NOT NULL,
  `description` text NOT NULL,
  `addDate` date NOT NULL DEFAULT '0000-00-00',
  `modDate` date NOT NULL,
  `status` enum('0','1') NOT NULL,
  `addedBy` int(11) NOT NULL,
  `isDeleted` enum('0','1') NOT NULL,
  PRIMARY KEY (`id`)
) ENGINE=InnoDB  DEFAULT CHARSET=utf8 AUTO_INCREMENT=20 ;

--
-- Dumping data for table `hj_staticpagecontaint`
--

INSERT INTO `hj_staticpagecontaint` (`id`, `pageid`, `langId`, `pageTitle`, `pageContaint`, `metaTitle`, `keyWords`, `description`, `addDate`, `modDate`, `status`, `addedBy`, `isDeleted`) VALUES
(1, 1, 1, 'About Us', '<p><strong>Lorem Ipsum</strong> is simply dummy text of the printing and  typesetting industry. Lorem Ipsum has been the industry\\''s standard  dummy text ever since the 1500s, when an unknown printer took a galley  of type and scrambled it to make a type specimen book. It has survived  not only five centuries, but also the leap into electronic typesetting,  remaining essentially unchanged. It was popularised in the 1960s with  the release of Letraset sheets containing Lorem Ipsum passages, and more  recently with desktop publishing software like Aldus PageMaker  including versions of Lorem Ipsum.</p>\n<p><strong>Lorem Ipsum</strong> is simply dummy text of the printing and  typesetting industry. Lorem Ipsum has been the industry\\''s standard  dummy text ever since the 1500s, when an unknown printer took a galley  of type and scrambled it to make a type specimen book. It has survived  not only five centuries, but also the leap into electronic typesetting,  remaining essentially unchanged. It was popularised in the 1960s with  the release of Letraset sheets containing Lorem Ipsum passages, and more  recently with desktop publishing software like Aldus PageMaker  including versions of Lorem Ipsum.</p>\n<p><strong>Lorem Ipsum</strong> is simply dummy text of the printing and  typesetting industry. Lorem Ipsum has been the industry\\''s standard  dummy text ever since the 1500s, when an unknown printer took a galley  of type and scrambled it to make a type specimen book. It has survived  not only five centuries, but also the leap into electronic typesetting,  remaining essentially unchanged. It was popularised in the 1960s with  the release of Letraset sheets containing Lorem Ipsum passages, and more  recently with desktop publishing software like Aldus PageMaker  including versions of Lorem Ipsum.</p>\n<p><strong>Lorem Ipsum</strong> is simply dummy text of the printing and  typesetting industry. Lorem Ipsum has been the industry\\''s standard  dummy text ever since the 1500s, when an unknown printer took a galley  of type and scrambled it to make a type specimen book. It has survived  not only five centuries, but also the leap into electronic typesetting,  remaining essentially unchanged. It was popularised in the 1960s with  the release of Letraset sheets containing Lorem Ipsum passages, and more  recently with desktop publishing software like Aldus PageMaker  including versions of Lorem Ipsum.</p>', '', '', '', '2014-01-16', '0000-00-00', '1', 1, '0'),
(2, 2, 1, 'How To', '<h1>How To</h1>\n<p><span style=\\"font-size: medium;\\"><span style=\\"font-family: Verdana;\\"><span dir=\\"rtl\\">Want Us to Design For You?  </span></span></span><a href=\\"http://www.savethedatemagic.com/?sol=wedesign4u\\"><span style=\\"font-size: medium;\\"><span style=\\"font-family: Verdana;\\"><span dir=\\"rtl\\">Click Here</span></span></span></a></p>\n<h4>&nbsp;</h4>\n<table width=\\"398\\" height=\\"390\\" cellspacing=\\"1\\" cellpadding=\\"4\\" border=\\"0\\" class=\\"topTitleBg\\">\n    <tbody>\n        <tr>\n            <td align=\\"left\\" class=\\"buleTitle\\">\n            <h3><a id=\\"top\\" name=\\"top\\"></a><span style=\\"font-family: Verdana;\\"><span style=\\"font-size: medium;\\"><strong>Learn                   How to Use Our Design Tools.  Please Create An EMAIL  ACCOUNT On Our Site to Save Your Designs Or You Will Be Unable To Save  Your Designs Or Place An Order! </strong></span></span><strong><a href=\\"http://www.savethedatemagic.com/?sol=login\\"><span style=\\"font-family: Verdana;\\"><span style=\\"font-size: medium;\\"> CLICK HERE FOR LOGIN SETUP </span></span></a><a><span style=\\"font-family: Verdana;\\"><span style=\\"font-size: medium;\\"><br />\n            </span></span></a></strong></h3>\n            </td>\n        </tr>\n        <tr>\n        </tr>\n        <tr>\n            <td valign=\\"top\\" height=\\"357\\" align=\\"left\\">\n            <table width=\\"100%\\" cellspacing=\\"0\\" cellpadding=\\"0\\" border=\\"0\\" align=\\"left\\">\n                <tbody>\n                    <tr>\n                        <td align=\\"left\\">&nbsp;</td>\n                    </tr>\n                    <tr>\n                        <td>\n                        <table width=\\"100%\\" cellspacing=\\"0\\" cellpadding=\\"0\\" border=\\"0\\">\n                            <tbody>\n                                <tr>\n                                    <td width=\\"100%\\" valign=\\"top\\" align=\\"left\\">\n                                    <h2 class=\\"learn-how-section-heading\\">Add Text</h2>\n                                    <p class=\\"learn-how-section-heading\\">Click on                                    the <strong>Add Text button</strong> in the                                    upper right corner. Type in your text and click                                    on the <strong>Submit button</strong> to add                                    your text.</p>\n                                    </td>\n                                </tr>\n                            </tbody>\n                        </table>\n                        </td>\n                    </tr>\n                </tbody>\n            </table>\n            </td>\n        </tr>\n    </tbody>\n</table>', '', '', '', '2013-12-10', '0000-00-00', '1', 1, '0'),
(3, 3, 1, 'Accessories', '<strong>Lorem Ipsum</strong> is simply dummy text of the printing and  typesetting industry. Lorem Ipsum has been the industry\\''s standard dummy  text ever since the 1500s, when an unknown printer took a galley of  type and scrambled it to make a type specimen book. It has survived not  only five centuries, but also the leap into electronic typesetting,  remaining essentially unchanged. It was popularised in the 1960s with  the release of Letraset sheets containing Lorem Ipsum passages, and more  recently with desktop publishing software like Aldus PageMaker  including versions of Lorem Ipsum.<br />\n<br />\n<strong>Lorem Ipsum</strong> is simply dummy text of the printing and  typesetting industry. Lorem Ipsum has been the industry\\''s standard dummy  text ever since the 1500s, when an unknown printer took a galley of  type and scrambled it to make a type specimen book. It has survived not  only five centuries, but also the leap into electronic typesetting,  remaining essentially unchanged. It was popularised in the 1960s with  the release of Letraset sheets containing Lorem Ipsum passages, and more  recently with desktop publishing software like Aldus PageMaker  including versions of Lorem Ipsum.<br />\n<br />\n<strong>Lorem Ipsum</strong> is simply dummy text of the printing and  typesetting industry. Lorem Ipsum has been the industry\\''s standard dummy  text ever since the 1500s, when an unknown printer took a galley of  type and scrambled it to make a type specimen book. It has survived not  only five centuries, but also the leap into electronic typesetting,  remaining essentially unchanged. It was popularised in the 1960s with  the release of Letraset sheets containing Lorem Ipsum passages, and more  recently with desktop publishing software like Aldus PageMaker  including versions of Lorem Ipsum.', '', '', '', '2013-11-22', '0000-00-00', '1', 1, '0'),
(4, 10, 1, 'Customer Services', '<p><strong>Lorem Ipsum</strong> is simply dummy text of the printing and   typesetting industry. Lorem Ipsum has been the industry\\''s standard  dummy  text ever since the 1500s, when an unknown printer took a galley  of  type and scrambled it to make a type specimen book. It has survived  not  only five centuries, but also the leap into electronic typesetting,   remaining essentially unchanged. It was popularised in the 1960s with   the release of Letraset sheets containing Lorem Ipsum passages, and  more  recently with desktop publishing software like Aldus PageMaker   including versions of Lorem Ipsum.</p>\n<p><strong>Lorem Ipsum</strong> is simply dummy text of the printing and   typesetting industry. Lorem Ipsum has been the industry\\''s standard  dummy  text ever since the 1500s, when an unknown printer took a galley  of  type and scrambled it to make a type specimen book. It has survived  not  only five centuries, but also the leap into electronic typesetting,   remaining essentially unchanged. It was popularised in the 1960s with   the release of Letraset sheets containing Lorem Ipsum passages, and  more  recently with desktop publishing software like Aldus PageMaker   including versions of Lorem Ipsum.</p>\n<p><strong>Lorem Ipsum</strong> is simply dummy text of the printing and   typesetting industry. Lorem Ipsum has been the industry\\''s standard  dummy  text ever since the 1500s, when an unknown printer took a galley  of  type and scrambled it to make a type specimen book. It has survived  not  only five centuries, but also the leap into electronic typesetting,   remaining essentially unchanged. It was popularised in the 1960s with   the release of Letraset sheets containing Lorem Ipsum passages, and  more  recently with desktop publishing software like Aldus PageMaker   including versions of Lorem Ipsum.</p>\n<p><strong>Lorem Ipsum</strong> is simply dummy text of the printing and   typesetting industry. Lorem Ipsum has been the industry\\''s standard  dummy  text ever since the 1500s, when an unknown printer took a galley  of  type and scrambled it to make a type specimen book. It has survived  not  only five centuries, but also the leap into electronic typesetting,   remaining essentially unchanged. It was popularised in the 1960s with   the release of Letraset sheets containing Lorem Ipsum passages, and  more  recently with desktop publishing software like Aldus PageMaker   including versions of Lorem Ipsum.</p>\n<p><strong>Lorem Ipsum</strong> is simply dummy text of the printing and   typesetting industry. Lorem Ipsum has been the industry\\''s standard  dummy  text ever since the 1500s, when an unknown printer took a galley  of  type and scrambled it to make a type specimen book. It has survived  not  only five centuries, but also the leap into electronic typesetting,   remaining essentially unchanged. It was popularised in the 1960s with   the release of Letraset sheets containing Lorem Ipsum passages, and  more  recently with desktop publishing software like Aldus PageMaker   including versions of Lorem Ipsum.</p>', '', '', '', '2014-01-15', '0000-00-00', '1', 1, '0'),
(5, 11, 1, 'Customer Services', '<p><strong>Lorem Ipsum</strong> is simply dummy text of the printing and   typesetting industry. Lorem Ipsum has been the industry\\''s standard  dummy  text ever since the 1500s, when an unknown printer took a galley  of  type and scrambled it to make a type specimen book. It has survived  not  only five centuries, but also the leap into electronic typesetting,   remaining essentially unchanged. It was popularised in the 1960s with   the release of Letraset sheets containing Lorem Ipsum passages, and  more  recently with desktop publishing software like Aldus PageMaker   including versions of Lorem Ipsum.</p>\n<p><strong>Lorem Ipsum</strong> is simply dummy text of the printing and   typesetting industry. Lorem Ipsum has been the industry\\''s standard  dummy  text ever since the 1500s, when an unknown printer took a galley  of  type and scrambled it to make a type specimen book. It has survived  not  only five centuries, but also the leap into electronic typesetting,   remaining essentially unchanged. It was popularised in the 1960s with   the release of Letraset sheets containing Lorem Ipsum passages, and  more  recently with desktop publishing software like Aldus PageMaker   including versions of Lorem Ipsum.</p>\n<p><strong>Lorem Ipsum</strong> is simply dummy text of the printing and   typesetting industry. Lorem Ipsum has been the industry\\''s standard  dummy  text ever since the 1500s, when an unknown printer took a galley  of  type and scrambled it to make a type specimen book. It has survived  not  only five centuries, but also the leap into electronic typesetting,   remaining essentially unchanged. It was popularised in the 1960s with   the release of Letraset sheets containing Lorem Ipsum passages, and  more  recently with desktop publishing software like Aldus PageMaker   including versions of Lorem Ipsum.</p>\n<p><strong>Lorem Ipsum</strong> is simply dummy text of the printing and   typesetting industry. Lorem Ipsum has been the industry\\''s standard  dummy  text ever since the 1500s, when an unknown printer took a galley  of  type and scrambled it to make a type specimen book. It has survived  not  only five centuries, but also the leap into electronic typesetting,   remaining essentially unchanged. It was popularised in the 1960s with   the release of Letraset sheets containing Lorem Ipsum passages, and  more  recently with desktop publishing software like Aldus PageMaker   including versions of Lorem Ipsum.</p>\n<p><strong>Lorem Ipsum</strong> is simply dummy text of the printing and   typesetting industry. Lorem Ipsum has been the industry\\''s standard  dummy  text ever since the 1500s, when an unknown printer took a galley  of  type and scrambled it to make a type specimen book. It has survived  not  only five centuries, but also the leap into electronic typesetting,   remaining essentially unchanged. It was popularised in the 1960s with   the release of Letraset sheets containing Lorem Ipsum passages, and  more  recently with desktop publishing software like Aldus PageMaker   including versions of Lorem Ipsum.</p>', '', '', '', '2014-01-15', '0000-00-00', '1', 1, '0'),
(6, 12, 1, 'Terms and conditions', '<p><strong>Lorem Ipsum</strong> is simply dummy text of the printing and   typesetting industry. Lorem Ipsum has been the industry\\''s standard  dummy  text ever since the 1500s, when an unknown printer took a galley  of  type and scrambled it to make a type specimen book. It has survived  not  only five centuries, but also the leap into electronic typesetting,   remaining essentially unchanged. It was popularised in the 1960s with   the release of Letraset sheets containing Lorem Ipsum passages, and  more  recently with desktop publishing software like Aldus PageMaker   including versions of Lorem Ipsum.</p>\n<br />', '', '', '', '2014-01-16', '0000-00-00', '1', 1, '0'),
(7, 13, NULL, 'Betalingsinformasjon', '<div class=\\"page girl-banner\\">\n<h2><br />\n<strong style=\\"line-height: 1.2; font-size: 13px;\\"><span style=\\"font-size:26px;\\">BETALINGSINFORMASJON</span></strong></h2>\n\n<p><span style=\\"font-size: 22px; line-height: 1.6;\\">Betaling med kredittkort hos Hjem til Hjem AS er trygt og enkelt. Etter du har valgt type arbeid og tjenesteyter, kommer du til Paypals sider hvor du taster inn kredittkortnummeret ditt, utl&oslash;psdatoen og en verifiseringskode (CVV2). &nbsp;</span><span style=\\"font-size: 22px; line-height: 1.6;\\">Din bestilling vil bli registrert p&aring; v&aring;r server.&nbsp; N&aring;r vi mottar din bestilling, vil vi bekrefte ordren og automatisk sende en ordrebekreftelse til deg p&aring; din e-postadresse.&nbsp; Les n&oslash;ye gjennom ordrebekreftelsen n&aring;r du mottar den, og unders&oslash;k om ordrebekreftelsen er i overensstemmelse med bestillingen. Tjenesteyteren vil ogs&aring; automatisk f&aring; beskjed om bestillingen, og du kan v&aelig;re trygg p&aring; at vedkommende m&oslash;te opp til det tidspunktet du har bestilt.&nbsp;</span><br />\n&nbsp;</p>\n\n<p><span style=\\"font-size: 22px; line-height: 1.6;\\">Vi samarbeider tett med VISA, Mastercard og PayPal for &aring; s&oslash;rge for en hurtig prosessering av din kredittkortinformasjon og alt foreg&aring;r i meget sikre former med v&aring;r kryptering. Ingen f&aring;r fysisk se ditt kredittkortnummer gjennom noe av betalingsprosessen.</span></p>\n\n<p><br />\n<span style=\\"font-size: 22px; line-height: 1.6;\\">Ved bestilling reserveres bel&oslash;pet p&aring; kortet. Bel&oslash;pet vil automatisk overf&oslash;res til v&aring;r konto ett d&oslash;gn etter at hele tjenesten du har bestilt er gjennomf&oslash;rt hos deg.</span><br />\n<span style=\\"font-size:22px;\\">Dersom vi kansellerer en ordre vil reservasjonen heves og pengene frigj&oslash;res p&aring; kortet ditt.<br />\n<br />\nAvbestillinger m&aring; skje via avbestilling@hjemtilhjem.no innen 12 timer f&oslash;r bestllingen p&aring;begynnes. Ved kansellering p&aring; grunn av feil hos kundens vil det p&aring;l&oslash;pe et gebyr p&aring; kr. 500,-.<br />\n&Oslash;nsker du &aring; flytte en bestilling kan du ta kontakt med Hjem til Hjem AS eller direkte med tjenesteyteren/arbeideren. Dersom du ber om flytting mindre enn 12 timer f&oslash;r tjentesten skal utf&oslash;res skal foreg&aring; og tjenesteyteren/arbeideren ikke har anledning til &aring; flytte tidspunktet m&aring; du betale full pris.<br />\n<br />\nSalgsbetingelsene utgj&oslash;r sammen med din bestilling bekreftet gjennom en ordrebekreftelse og avslutningsbekreftelsen, det samlede avtalegrunnlaget for kj&oslash;pet.<br />\nForbrukerkj&oslash;p av tjenester er blant annet regulert i&nbsp;h&aring;ndverkertjenesteloven. markedsf&oslash;ringsloven, avtaleloven og  e-handelsloven. Dine personopplysninger sikres gjennom personopplysningsloven.&nbsp;Nevnte lover ligger tilgjengelig for offentligheten p&aring; lovdata.no dersom du vil ha mer informasjon om dine rettigheter og plikter ved forbrukskj&oslash;p.&nbsp; Der det i disse salgsbetingelsene stilles krav til skriftlighet, er dette oppfylt ved bruk av brev, telefaks og e-post.&nbsp;Hjem til Hjem AS driver sin virksomhet i henhold til det gjeldende loverks` perseptoriske bestemmelser.<br />\n<br />\nTotalprisen inkluderer alle avgifter, statlige skatter, samt servicehonorar. Totalprisen inkluderer ogs&aring;&nbsp; kostnader og tidsbruk ved reise til og fra arbeidssted.&nbsp;Totalprisen vil alltid v&aelig;re tydelig vist f&oslash;r vi ber om betalingsinformasjon og bekreftelse av bestillingen.<br />\n<br />\nTotalprisen inkluderer dog ikke maling, pensler og annet malerutstyr. Den inkluderer heller ikke materialer, lister, parkett og lignende for h&aring;ndverkstjenster.<br />\nVed bestilling av reholdstjenester inkluderes imidlertid bruk av vaskemidler og annet vaskeutstyr.<br />\n<br />\nKunden skal selv skaffe ovennevte utstyr f&oslash;r arbeiders ankomst. Dersom utstyret ikke er p&aring; plass ved tjenesteyteren/arbeideres ankomst m&aring; kunden betale for tidsbruk som skyldes venting eller skyldes arbeideres avhenting av materialer/n&oslash;dvendig utstyr. &Oslash;nsker kunden at tjeneteyteren selv henter materialer inng&aring;r denne tiden som normal timebruk.<br />\n<br />\nEn tjenesteyter/arbeider er ikke under noen omstendighet forpliktet til &aring; arbeide utover den bestilte arbeidstid. Blir ikke arbeidet ferdistilt innen den bestilte tiden m&aring; kunden bestille og betale for den ekstra tiden arbeidet tar.<br />\n<br />\nDersom et arbeid er ferdistilt tidligere enn angitt &ldquo;tidsbrukskalkulatoren&rdquo; har ikke kunden adgang til &aring; f&aring; refusjon for den ikke-benyttede timebruken.<br />\n<br />\nVed fullf&oslash;rt arbeid signerer kunden og tjensteyteren et felles skjema som bekrefter arbeidets kvalitet&nbsp; og utf&oslash;relse.<br />\nHjem til Hjem AS er en tjenesteformidler og er garanterer ikke for arbeidets kvalitet. &nbsp;Tjenesteyterne/arbeiderne er ikke ansatt hos Hjem til Hjem AS. Reklamasjoner m&aring; fremsettes overfor den enkelte tjenesteyter/arbeider som er selvstendig n&aelig;rlingsdrivende eller det firmaet vedkommende er ansatt i.<br />\n<br />\nKunden har en unders&oslash;kelsesplikt i forhold til om arbeidet er gjennomf&oslash;rt p&aring; en m&aring;te som er i tr&aring;d med det som i alminnelighet kan forventes. Reklamasjoner skal som utgangspunkt fremsattes umiddelbart og senest ett d&oslash;gn etter arbeidet er utf&oslash;rt. &nbsp;<br />\n<br />\nVi behandler kun personopplysninger du oppgir til oss, og som er n&oslash;dvendige for at vi skal kunne gjennomf&oslash;re v&aring;re forpliktelser overfor deg.&nbsp; I de tilfeller hvor vi ogs&aring; behandler personopplysninger til andre form&aring;l, for eksempel for &aring; sende deg informasjon om tilbud etc., gj&oslash;res dette bare n&aring;r du har samtykket til dette. F&oslash;r du samtykker skal du v&aelig;re informert om hva opplysningene skal brukes til og av hvem.&nbsp;</span><br />\n&nbsp;</p>\n</div>', '', '', '', '2014-10-18', '0000-00-00', '1', 1, '0'),
(8, 14, 1, 'About Us', '<p><strong>Lorem Ipsum</strong> is simply dummy text of the printing and  typesetting industry. Lorem Ipsum has been the industry\\''s standard  dummy text ever since the 1500s, when an unknown printer took a galley  of type and scrambled it to make a type specimen book. It has survived  not only five centuries, but also the leap into electronic typesetting,  remaining essentially unchanged. It was popularised in the 1960s with  the release of Letraset sheets containing Lorem Ipsum passages, and more  recently with desktop publishing software like Aldus PageMaker  including versions of Lorem Ipsum.</p>\n<p><strong>Lorem Ipsum</strong> is simply dummy text of the printing and  typesetting industry. Lorem Ipsum has been the industry\\''s standard  dummy text ever since the 1500s, when an unknown printer took a galley  of type and scrambled it to make a type specimen book. It has survived  not only five centuries, but also the leap into electronic typesetting,  remaining essentially unchanged. It was popularised in the 1960s with  the release of Letraset sheets containing Lorem Ipsum passages, and more  recently with desktop publishing software like Aldus PageMaker  including versions of Lorem Ipsum.</p>\n<p><strong>Lorem Ipsum</strong> is simply dummy text of the printing and  typesetting industry. Lorem Ipsum has been the industry\\''s standard  dummy text ever since the 1500s, when an unknown printer took a galley  of type and scrambled it to make a type specimen book. It has survived  not only five centuries, but also the leap into electronic typesetting,  remaining essentially unchanged. It was popularised in the 1960s with  the release of Letraset sheets containing Lorem Ipsum passages, and more  recently with desktop publishing software like Aldus PageMaker  including versions of Lorem Ipsum.</p>\n<p><strong>Lorem Ipsum</strong> is simply dummy text of the printing and  typesetting industry. Lorem Ipsum has been the industry\\''s standard  dummy text ever since the 1500s, when an unknown printer took a galley  of type and scrambled it to make a type specimen book. It has survived  not only five centuries, but also the leap into electronic typesetting,  remaining essentially unchanged. It was popularised in the 1960s with  the release of Letraset sheets containing Lorem Ipsum passages, and more  recently with desktop publishing software like Aldus PageMaker  including versions of Lorem Ipsum.</p>', '', '', '', '2014-01-16', '0000-00-00', '1', 1, '0'),
(9, 15, NULL, 'Bedrift & borettslag', '<div class=\\"page girl-banner\\">\n<h2>Bedrift &amp; borettslag</h2>\n\n<p>Hjem til Hjem AS tar ogs&aring; st&oslash;rre oppdrag for det private og offentlige virksomheter, samt sameier og borettslag. &nbsp;<br />\n<br />\nFor et godt tilbud &nbsp;- ta kontakt med oss p&aring; post@hjemtilhjem.no eller ring 815 30 800. V&aring;re tjenesteytere tar s&aring; innen kort tid kontakt for &aring; avtale befaring. &nbsp;</p>\n</div>', '', '', '', '2014-10-30', '2014-05-12', '1', 1, '0'),
(10, 16, NULL, 'Om oss', '<!--content start here-->\n<div class=\\"subpage about-content\\" id=\\"container\\">\n	<section class=\\"handcraft handcraft-box home-service cleaning  box-image main-box\\">\n		<div class=\\"text-block clearfix\\">\n			<div class=\\"box-content\\">\n				<h1>\n					Bestill tjenester til ditt hjem <span>&ndash; n&aring;r du &oslash;nsker det.</span></h1>\n				<p>\n					Hjem til Hjem AS gj&oslash;r det enkelt &aring; bestille maling-, rengj&oslash;ring- og h&aring;ndverktjenester i de st&oslash;rste byene i Norge.</p>\n				<p>\n					V&aring;r hjemmeside og bestillingssystem fungerer som en nettbutikk hvor du sikkert og enkelt gjennomf&oslash;rer bestilling og betaling.</p>\n			</div>\n		</div>\n		<div class=\\"image-block\\">\n			<figure>\n				<img alt=\\"handcraft-image\\" src=\\"/static_image/images/om_oss_bilde1.jpg\\" title=\\"\\" /></figure>\n		</div>\n	</section>\n	<section class=\\"handcraft professional-service cleaning\\">\n		<div class=\\"image-block\\">\n			<figure>\n				<img alt=\\"handcraft-image\\" src=\\"/static_image/images/handcraft-image3.jpg\\" title=\\"\\" /></figure>\n		</div>\n		<div class=\\"text-block clearfix\\">\n			<div class=\\"box-content box-content-two\\">\n				<h2>\n					Profesjonell service</h2>\n				<p>\n					Velg blant v&aring;re erfarne og dyktige tjenesteytere. Les om dem &ndash; sjekk referanser, gjennomg&aring; deres CV og attester, se arbeidspr&oslash;ver og bestill den du foretrekker direkte i vedkommendes kalender.</p>\n				<span>Fast pris 349,- pr. time</span></div>\n		</div>\n	</section>\n	<section class=\\"handcraft home-service cleaning  box-image\\">\n		<div class=\\"text-block clearfix\\">\n			<div class=\\"box-content\\">\n				<h2>\n					Sikker betaling p&aring; nett</h2>\n				<p>\n					Benytt ditt Visa eller Mastercard ved bestilling.</p>\n				<p>\n					For din sikkerhet - og som en kvalitetsgaranti - blir ikke bel&oslash;pet trukket fra kundens kort f&oslash;r ett d&oslash;gn etter at arbeidet er utf&oslash;rt. Les n&aelig;rmere om dette i v&aring;re <a href=\\"#\\">betalingsbetingelser.</a></p>\n			</div>\n		</div>\n		<div class=\\"image-block\\">\n			<figure>\n				<img alt=\\"handcraft-image\\" src=\\"/static_image/images/handcraft-image4.jpg\\" title=\\"\\" /></figure>\n		</div>\n	</section>\n	<div class=\\"headings work-order\\">\n		<div class=\\"page\\">\n			<h2>\n				Bestill arbeid</h2>\n			<ul>\n				<li>\n					<a href=\\"http://hth.creopark.no/service/1/Renhold.html\\">Renhold</a></li>\n				<li>\n					<a href=\\"http://hth.creopark.no/service/2/Maling.html\\">Maling</a></li>\n				<li>\n					<a href=\\"http://hth.creopark.no/service/3/H%C3%A5ndverk.html\\">H&aring;ndverk</a></li>\n			</ul>\n		</div>\n	</div>\n	<section class=\\"handcraft professional-service cleaning\\">\n		<div class=\\"image-block\\">\n			<figure>\n				<img alt=\\"handcraft-image\\" src=\\"/static_image/images/om_oss_storre_prosjekt.jpg\\" title=\\"\\" /></figure>\n		</div>\n		<div class=\\"text-block clearfix\\">\n			<div class=\\"box-content box-content-two\\">\n				<h2>\n					St&oslash;rre prosjekt</h2>\n				<p>\n					&Oslash;nskes bistand til andre/mer omfattende prosjekter enn tjenestene vi tilbyr p&aring; hjemmesidene - send en e-post til <a class=\\"mailto\\" href=\\"mailto:anbud@hjemtilhjem.no\\">anbud@hjemtilhjem.no </a></p>\n			</div>\n		</div>\n	</section>\n	<section class=\\"handcraft home-service cleaning box-image\\">\n		<div class=\\"text-block clearfix\\">\n			<div class=\\"box-content\\">\n				<h2>\n					Bedrift &amp; borettslag</h2>\n				<p>\n					I tillegg til privatmarkedet bist&aring;r Hjem til hjem AS bedrifter, organisasjoner, det offentlige og sameier/borettslag. For en n&aelig;rmere prat og tilbud send e-post til: <a class=\\"mailto mail-link\\" href=\\"mailto:bedrift@hjemtilhjem.no\\">bedrift@hjemtilhjem.no</a> eller ring v&aring;r servicetelefon <a class=\\"phone_link\\" href=\\"tel:81530800\\">815 30 800.</a></p>\n			</div>\n		</div>\n		<div class=\\"image-block \\">\n			<figure>\n				<img alt=\\"handcraft-image\\" src=\\"/static_image/images/om_oss_borettslag.jpg\\" title=\\"\\" /></figure>\n		</div>\n	</section>\n</div>\n<section class=\\"questions\\">\n	<div class=\\"headings work-order\\">\n		<div class=\\"page\\">\n			<h2>\n				Ofte stilte sp&oslash;rsm&aring;l</h2>\n		</div>\n	</div>\n	<div class=\\"page questions-area\\">\n		<div class=\\"queries\\">\n			<h4>\n				Hvordan bestiller jeg?</h4>\n			<p>\n				Velg &oslash;nsket arbeid fra toppmenyen og f&oslash;lg instruksjonene for valg av type arbeid, valg av tjenesteyter og tidspunkt for arbeid.</p>\n			<h4>\n				Hva koster arbeidet?</h4>\n			<p>\n				Vi har fast pris p&aring; kr 349,- pr. time inkl. mva. Du f&aring;r veiledende prisen av arbeidet angitt i v&aring;r priskalkulator n&aring;r du spesifiserer omfanget.<br />\n				<br />\n				Se ellers &quot;ofte stilte sp&oslash;rsm&aring;l&quot; i menyen nedenfor.</p>\n		</div>\n	</div>\n</section>\n<!--content end here-->', '', '', '', '2014-11-17', '0000-00-00', '1', 0, '0'),
(11, 18, 1, 'Tjenester', '<!--content start here-->\n<div class=\\"subpage\\" id=\\"container\\">\n<section class=\\"handcraft home-service cleaning\\">\n<div class=\\"image-block\\">\n<figure><img alt=\\"handcraft-image\\" src=\\"http://hth.creopark.no/assets/images/handcraft-image2.jpg\\" title=\\"\\" /></figure>\n</div>\n\n<div class=\\"text-block\\">\n<ul class=\\"help-desk\\">\n	<li><a href=\\"#\\">Kontakt</a></li>\n	<li><a href=\\"#\\">Ofte stile sp&oslash;rsm&aring;l</a></li>\n</ul>\n\n<h1>Bestill tjenester til ditt hjem <span>&ndash; n&aring;r du &oslash;nsker det.</span></h1>\n\n<p>Vi gj&oslash;r det mulig &aring; bestille maling-, rengj&oslash;ring- og h&aring;ndverktjenester i de st&oslash;rste byene i Norge.</p>\n\n<p>V&aring;r hjemmeside og bestillingssystem fungerer som en nettbutikk hvor du sikkert og enkelt gjennomf&oslash;rer bestilling og betaling.</p>\n</div>\n</section>\n\n<section class=\\"handcraft professional-service cleaning\\">\n<div class=\\"image-block\\">\n<figure><img alt=\\"handcraft-image\\" src=\\"http://hth.creopark.no/assets/images/handcraft-image3.jpg\\" title=\\"\\" /></figure>\n</div>\n\n<div class=\\"text-block\\">\n<h2>Profesjonell service</h2>\n\n<p>Velg blant v&aring;re erfarne og dyktige tjenesteytere. Les om dem &ndash; sjekk referanser, gjennomg&aring; deres CV og attester og bestill den du foretrekker direkte i vedkommendes kalender.</p>\n<span>Fast pris 369,- pr. time</span></div>\n</section>\n\n<section class=\\"handcraft home-service cleaning\\">\n<div class=\\"image-block\\">\n<figure><img alt=\\"handcraft-image\\" src=\\"http://hth.creopark.no/assets/images/handcraft-image4.jpg\\" title=\\"\\" /></figure>\n</div>\n\n<div class=\\"text-block\\">\n<h2>Sikker betaling p&aring; nett</h2>\n\n<p>Benytt ditt Visa eller Mastercard ved bestilling. Betalingsl&oslash;sningen administreres av Teller og BBS - Norges ledende leverand&oslash;rer av betalingstjenester p&aring; nett.</p>\n\n<p>For din sikkerhet - og som en kvalitetsgaranti - blir ikke bel&oslash;pet trukket fra kundens kort f&oslash;r ett d&oslash;gn etter at arbeidet er utf&oslash;rt. Les n&aelig;rmere om dette i v&aring;re <a href=\\"#\\">betalingsbetingelser.</a></p>\n</div>\n</section>\n\n<div class=\\"headings work-order\\">\n<div class=\\"page\\">\n<h2>Bestill arbeid</h2>\n\n<ul>\n	<li><a href=\\"http://hth.creopark.no/service/1/Renhold.html\\">Renhold</a></li>\n	<li><a href=\\"http://hth.creopark.no/service/2/Maling.html\\">Maling</a></li>\n	<li><a href=\\"http://hth.creopark.no/service/3/H%C3%A5ndverk.html\\">H&aring;ndverk</a></li>\n</ul>\n</div>\n</div>\n\n<section class=\\"handcraft professional-service cleaning\\">\n<div class=\\"image-block\\">\n<figure><img alt=\\"handcraft-image\\" src=\\"http://hth.creopark.no/assets/images/handcraft-image5.jpg\\" title=\\"\\" /></figure>\n</div>\n\n<div class=\\"text-block\\">\n<h2>St&oslash;rre prosjekt</h2>\n\n<p>&Oslash;nskes bistand til andre/mer omfattende prosjekter enn tjenestene vi tilbyr p&aring; hjemmesidene - send en e-post til <a class=\\"mailto\\" href=\\"mailto:anbud@hjemtilhjem.no\\">anbud@hjemtilhjem.no </a></p>\n</div>\n</section>\n\n<section class=\\"handcraft home-service cleaning\\">\n<div class=\\"image-block\\">\n<figure><img alt=\\"handcraft-image\\" src=\\"http://hth.creopark.no/assets/images/handcraft-image6.jpg\\" title=\\"\\" /></figure>\n</div>\n\n<div class=\\"text-block\\">\n<h2>Bedrift &amp; borettslag</h2>\n\n<p>I tillegg til privatmarkedet bist&aring;r Hjem til hjem AS bedrifter, organisasjoner og sameier/borettslag. For en n&aelig;rmere prat og tilbud send e-post til: <a class=\\"mailto\\" href=\\"mailto:bedrift@hjemtilhjem.no\\">bedrift@hjemtilhjem.no</a> eller ring v&aring;r servicetelefon <a href=\\"tel:81530800\\">815 30 800.</a></p>\n</div>\n</section>\n\n<section class=\\"questions\\">\n<div class=\\"headings work-order\\">\n<div class=\\"page\\">\n<h2>Ofte stilte sp&oslash;rsm&aring;l</h2>\n</div>\n</div>\n\n<div class=\\"page questions-area\\">\n<div class=\\"queries\\">\n<h4>Hvordan bestiller jeg?</h4>\n\n<p>Velg &oslash;nsket arbeid fra toppmenyen og f&oslash;lg instruksjonene for valg av type og omfang.</p>\n\n<h4>Hva koster arbeidet?</h4>\n\n<p>Vi har fast pris p&aring; kr 369,- pr. time inkl. mva. Du f&aring;r prisen av arbeidet direkte gjennom priskalkulatoren n&aring;r du spesifiserer omfanget.</p>\n</div>\n\n<ul>\n	<li><a href=\\"tel:81530800\\">815 30 800</a></li>\n	<li><a href=\\"mailto:post@hjemtilhjem.no\\">post@hjemtilhjem.no</a></li>\n</ul>\n</div>\n</section>\n</div>\n<!--content end here-->', '', '', '', '2014-08-19', '2014-05-12', '1', 0, '0'),
(12, 17, NULL, 'Større prosjekter', '<div class=\\"page girl-banner\\">\n<h2>St&oslash;rre prosjekter</h2>\n\n<p>Hjem til Hjem AS bist&aring;r ogs&aring; kunder til arbeid med mer omfattende og langvarige prosjekter.<br />\n<br />\nTa kontakt med oss p&aring; post@hjemtilhjem.no eller ring 815 30 800, s&aring; innhenter vi den n&oslash;dvendige informasjon om prosjektet og utarbeider et kostnadsestimat.&nbsp;</p>\n</div>', '', '', '', '2014-10-30', '0000-00-00', '1', 0, '0'),
(13, 9, NULL, 'Ofte stilte spørsmål', '<div class=\\"page girl-banner\\">\n<h2><strong><span style=\\"font-size:36px;\\">Ofte stilte sp&oslash;rsm&aring;l</span></strong></h2>\n&nbsp;\n\n<dl>\n	<dt style=\\"margin: 0px; padding: 0px; border: 0px; font-family: proxima-nova, sans-serif; font-size: 22px; line-height: 32px; vertical-align: baseline; color: rgb(51, 51, 51); background-color: rgb(255, 255, 255);\\"><span style=\\"font-size:26px;\\"><strong><a name=\\"0\\" style=\\"margin: 0px; padding: 0px; border: 0px; font-family: inherit; font-size: inherit; font-style: inherit; font-variant: inherit; line-height: inherit; vertical-align: baseline; color: rgb(68, 68, 68); outline-width: 0px; outline-style: none;\\">Hvordan bestiller jeg det arbeidet jeg &oslash;nsker utf&oslash;rt?</a></strong></span></dt>\n	<dd style=\\"margin: 0px; padding: 0px; border: 0px; font-family: proxima-nova, sans-serif; font-size: 12px; line-height: 20px; vertical-align: baseline; color: rgb(102, 102, 102); background-color: rgb(255, 255, 255);\\">\n	<p style=\\"margin: 0px; padding: 0px; border: 0px; font-family: inherit; font-size: inherit; font-style: inherit; font-variant: inherit; line-height: inherit; vertical-align: baseline;\\"><br />\n	<span style=\\"font-size:26px;\\">Hjem til Hjem AS gj&oslash;r det enkelt! Velg kommunen du &oslash;nsker arbeidet utf&oslash;rt i feltet &oslash;verst til h&oslash;yre. Klikk p&aring; det arbeidet &nbsp;du &oslash;nsker. Velg s&aring; type arbeid. I rubikken under se du en oversikt over tilgjengelige tjenesteytere/arbeidere innen den type arbeid du har valgt.&nbsp; Velg s&aring; tjenesteyteren du &oslash;nsker. Trykk deretter p&aring; de feltene som er markert ledige i kalenderen. G&aring; s&aring; videre ved &aring; trykke &quot;legg til bestilling&quot; i feltet under kalenderen.<br />\n	<br />\n	Du kan bestille timer over flere uker av gangen. Du kan ogs&aring; bestille flere tjeneteytere i en bestilling.<br />\n	<br />\n	Antall valgte timer viser alltid i handlekurven &oslash;verst til h&oslash;yre p&aring; siden.<br />\n	<br />\n	Etter du har valgt arbeid, tjenesteyter/arbeider, tidspunkt og trykket &quot;legg til bestilling&quot;, kan du velge om du vil spesifisere hvilke arbeid du &oslash;nsker utf&oslash;rt, og gi evt. annen informasjon om arbeidet til tjenesteyteren.<br />\n	<br />\n	Du kommer deretter til en registreringsside. Dersom du tidligere er registrert kan du benytte til innloggingsinformasjon for &aring; logge deg inn. Du blir deretter overf&oslash;rt til en betalingsside hvor du m&aring; oppgi kredittkortinformasjon.<br />\n	<br />\n	N&aring;r bestillingen og betalingen er fullf&oslash;rt vil du f&aring; en bekreftelse om dette p&aring; nettsiden. I tillegg vil du motta en e-post med informasjon om deg, hva du &oslash;nsker undervisning i, og hvor du vil at undervisningen skal foreg&aring;.</span><br />\n	&nbsp;</p>\n	</dd>\n	<dt style=\\"margin: 0px; padding: 0px; border: 0px; font-family: proxima-nova, sans-serif; font-size: 22px; line-height: 32px; vertical-align: baseline; color: rgb(51, 51, 51); background-color: rgb(255, 255, 255);\\"><span style=\\"font-size:26px;\\"><a name=\\"3\\" style=\\"margin: 0px; padding: 0px; border: 0px; font-family: inherit; font-size: inherit; font-style: inherit; font-variant: inherit; line-height: inherit; vertical-align: baseline; color: rgb(68, 68, 68); outline-width: 0px; outline-style: none;\\"></a><a name=\\"6\\" style=\\"margin: 0px; padding: 0px; border: 0px; font-family: inherit; font-size: inherit; font-style: inherit; font-variant: inherit; line-height: inherit; vertical-align: baseline; color: rgb(68, 68, 68); outline-width: 0px; outline-style: none;\\"><strong>Kan jeg bestille p&aring; nettbrett eller mobiltelefon?</strong><br />\n	<br />\n	Ja, hjemtilhjem.no er designet slik at du kan bestille arbeid fra alle typer digitale internettbaserte enheter.</a><br />\n	<br />\n	<a name=\\"6\\" style=\\"font-size: inherit; background-color: rgb(255, 255, 255); font-family: inherit; line-height: inherit; margin: 0px; padding: 0px; border: 0px; font-style: inherit; font-variant: inherit; vertical-align: baseline; color: rgb(68, 68, 68); outline-width: 0px; outline-style: none;\\"><strong>Kan jeg bestille flere tjenesteytere i samme bestilling?</strong></a><a name=\\"6\\" style=\\"margin: 0px; padding: 0px; border: 0px; font-family: inherit; font-size: inherit; font-style: inherit; font-variant: inherit; line-height: inherit; vertical-align: baseline; color: rgb(68, 68, 68); outline-width: 0px; outline-style: none;\\"><br />\n	<br />\n	Ja, du kan bestille s&aring; mange tjenesteytere du &oslash;nsker s&aring; lenge det er innen samme kategogi - dvs. innen rengj&oslash;ring, maling eller h&aring;ndverk.<br />\n	<br />\n	<strong>Tar tjenesteyteren med seg utstyr og materialer til arbeidsstedet?</strong><br />\n	<br />\n	Renholderne tar med seg n&oslash;dvendig vaskeutstyr, vaskemidler mv. Du m&aring; selv ha alt n&oslash;dvendig utstyr, materialer og maling til det arbeidet som &oslash;nskes utf&oslash;rt. Dersom ikke utstyr, materialer maling etc. er fremskaffet, kan tjenesteyteren v&aelig;re behjelpelig med &aring; kj&oslash;pe inn/fremskaffe dette. Det betales vanlig timepris - kr. 349 - for tidsbruken til dette.&nbsp;<br />\n	<br />\n	<strong>Kan jeg bestille flere timer samme dag dersom det viser seg at arbeidet tar lengre tid enn det som er bestilt?</strong></a><br />\n	<br />\n	Ja, under forutsetning av at tjenesteyteren/arbeider har mer ledig tid, f. eks. samme dag, kan vedkommede sende deg en betalingslink slik at du kan bestille &aring; betale for ekstra tidsbruk umiddelbart.<br />\n	<br />\n	<strong><a name=\\"2\\" style=\\"margin: 0px; padding: 0px; border: 0px; font-family: inherit; font-size: inherit; font-style: inherit; font-variant: inherit; line-height: inherit; vertical-align: baseline; color: rgb(68, 68, 68); outline-width: 0px; outline-style: none;\\">Hva gj&oslash;r jeg hvis jeg har pr&oslash;vd &aring; bestille og bestillingen har blitt avbrutt?</a></strong></span></dt>\n	<dd style=\\"margin: 0px; padding: 0px; border: 0px; font-family: proxima-nova, sans-serif; font-size: 12px; line-height: 20px; vertical-align: baseline; color: rgb(102, 102, 102); background-color: rgb(255, 255, 255);\\">\n	<p style=\\"margin: 0px; padding: 0px; border: 0px; font-family: inherit; font-size: inherit; font-style: inherit; font-variant: inherit; line-height: inherit; vertical-align: baseline;\\"><br />\n	<span style=\\"font-size:26px;\\">Dersom bestillingen er avbrutt vil fremdeles de timene du har pr&oslash;vd &aring; bestille v&aelig;re markerte som opptatt, ved at de er skraverte. Etter 20 minutter vil imidlertid feltene bli hvite igjen og bestillingen kan foretas p&aring; nytt.</span></p>\n	</dd>\n	<dt style=\\"margin: 0px; padding: 0px; border: 0px; font-family: proxima-nova, sans-serif; font-size: 22px; line-height: 32px; vertical-align: baseline; color: rgb(51, 51, 51); background-color: rgb(255, 255, 255);\\"><span style=\\"font-size:26px;\\"><a name=\\"6\\" style=\\"margin: 0px; padding: 0px; border: 0px; font-family: inherit; font-size: inherit; font-style: inherit; font-variant: inherit; line-height: inherit; vertical-align: baseline; color: rgb(68, 68, 68); outline-width: 0px; outline-style: none;\\"></a><a name=\\"3\\" style=\\"margin: 0px; padding: 0px; border: 0px; font-family: inherit; font-size: inherit; font-style: inherit; font-variant: inherit; line-height: inherit; vertical-align: baseline; color: rgb(68, 68, 68); outline-width: 0px; outline-style: none;\\"><br />\n	<strong>Hva gj&oslash;r jeg dersom jeg ikke finner arbeidet jeg &oslash;nsker utf&oslash;rt?</strong></a></span></dt>\n	<dd style=\\"margin: 0px; padding: 0px; border: 0px; font-family: proxima-nova, sans-serif; font-size: 12px; line-height: 20px; vertical-align: baseline; color: rgb(102, 102, 102); background-color: rgb(255, 255, 255);\\">\n	<p style=\\"margin: 0px; padding: 0px; border: 0px; font-family: inherit; font-size: inherit; font-style: inherit; font-variant: inherit; line-height: inherit; vertical-align: baseline;\\"><br />\n	<span style=\\"font-size:26px;\\">Ta kontakt med oss p&aring; post@hjemtilhjem.no eller ringe 815 30 800, s&aring; meddeler vi et tilbud, evt. gir instruksjoner i forhold til bestilling. Hjem til Hjem AS tilbyr ogs&aring; hjelp til st&oslash;rre prosjekter. </span></p>\n	</dd>\n	<dt style=\\"margin: 0px; padding: 0px; border: 0px; font-family: proxima-nova, sans-serif; font-size: 22px; line-height: 32px; vertical-align: baseline; color: rgb(51, 51, 51); background-color: rgb(255, 255, 255);\\"><span style=\\"font-size:26px;\\"><strong><a name=\\"4\\" style=\\"margin: 0px; padding: 0px; border: 0px; font-family: inherit; font-size: inherit; font-style: inherit; font-variant: inherit; line-height: inherit; vertical-align: baseline; color: rgb(68, 68, 68); outline-width: 0px; outline-style: none;\\"><br />\n	Hva gj&oslash;r jeg hvis jeg hvis tjenesteyteren jeg &oslash;nsker ikke har f&oslash;rt opp ledige timer?</a></strong></span></dt>\n	<dd style=\\"margin: 0px; padding: 0px; border: 0px; font-family: proxima-nova, sans-serif; font-size: 12px; line-height: 20px; vertical-align: baseline; color: rgb(102, 102, 102); background-color: rgb(255, 255, 255);\\">\n	<p style=\\"margin: 0px; padding: 0px; border: 0px; font-family: inherit; font-size: inherit; font-style: inherit; font-variant: inherit; line-height: inherit; vertical-align: baseline;\\"><br />\n	<span style=\\"font-size:26px;\\">Ta kontakt med oss p&aring; post@hjemtilhjem.no eller ringe 815 30 800, s&aring; videreformidler vi ditt &oslash;nske om bestilling til vedkommende.</span><br />\n	<br />\n	&nbsp;</p>\n	</dd>\n	<dt style=\\"margin: 0px; padding: 0px; border: 0px; font-family: proxima-nova, sans-serif; font-size: 22px; line-height: 32px; vertical-align: baseline; color: rgb(51, 51, 51); background-color: rgb(255, 255, 255);\\"><span style=\\"font-size:26px;\\"><strong><a name=\\"6\\" style=\\"margin: 0px; padding: 0px; border: 0px; font-family: inherit; font-size: inherit; font-style: inherit; font-variant: inherit; line-height: inherit; vertical-align: baseline; color: rgb(68, 68, 68); outline-width: 0px; outline-style: none;\\">Hvem er tjenesteyterne/arbeiderne?</a></strong></span></dt>\n	<dd style=\\"margin: 0px; padding: 0px; border: 0px; font-family: proxima-nova, sans-serif; font-size: 12px; line-height: 20px; vertical-align: baseline; color: rgb(102, 102, 102); background-color: rgb(255, 255, 255);\\">\n	<p style=\\"margin: 0px; padding: 0px; border: 0px; font-family: inherit; font-size: inherit; font-style: inherit; font-variant: inherit; line-height: inherit; vertical-align: baseline;\\"><br />\n	<span style=\\"font-size:26px;\\">Hjem til Hjem AS formidler tjensteytere/arbeidere som holder h&oslash;yt faglig niv&aring;. Tjenesteyterne har lang erfaring p&aring; sitt fagfelt. Mange av tjenesteyterne har engasjement i st&oslash;rre renhold-, maler- og entrepren&oslash;rfirma.</span><br />\n	<br />\n	&nbsp;</p>\n	</dd>\n	<dt style=\\"margin: 0px; padding: 0px; border: 0px; font-family: proxima-nova, sans-serif; font-size: 22px; line-height: 32px; vertical-align: baseline; color: rgb(51, 51, 51); background-color: rgb(255, 255, 255);\\"><span style=\\"font-size:26px;\\"><a name=\\"7\\" style=\\"margin: 0px; padding: 0px; border: 0px; font-family: inherit; font-size: inherit; font-style: inherit; font-variant: inherit; line-height: inherit; vertical-align: baseline; color: rgb(68, 68, 68); outline-width: 0px; outline-style: none;\\"><strong>Hvordan blir min sikkerhet ivaretatt n&aring;r jeg bestiller tjenester hos Hjem til Hjem?</strong></a></span></dt>\n	<dd style=\\"margin: 0px; padding: 0px; border: 0px; font-family: proxima-nova, sans-serif; font-size: 12px; line-height: 20px; vertical-align: baseline; color: rgb(102, 102, 102); background-color: rgb(255, 255, 255);\\">\n	<p style=\\"margin: 0px; padding: 0px; border: 0px; font-family: inherit; font-size: inherit; font-style: inherit; font-variant: inherit; line-height: inherit; vertical-align: baseline;\\"><br />\n	<span style=\\"font-size:26px;\\">Hjem til Hjem AS samarbeider med Visa/Mastercard og Paypal og tilbyr markederts betalingssystemer, og tilbyr betaling med ordin&aelig;rt Visa eller Mastercard. Ved bestilling av undervisning vil et bel&oslash;p bli trukket fra ditt kort. Dersom arbeidet ikke blir utf&oslash;rt eller det blir utf&oslash;rt mangelfullt vil bel&oslash;pet automatisk refunderes din konto.<br />\n	<br />\n	<span style=\\"color:#000000;\\"><strong><span style=\\"background-color:#FFFFFF;\\">Hvordan reklamerer jeg p&aring; det utf&oslash;rte arbeidet?</span></strong></span><br />\n	<br />\n	Du m&aring; reklamere direkte overfor arbeideren innen 24 timer etter arbeidets utf&oslash;relse, s&aring; gj&oslash;r vedkommende hva han kan for &aring; rette arbeidet slik at du blir forn&oslash;yd. Dersom du ikke oppn&aring;r kontakt kan du sende din reklamasjon p&aring; e-post til post@hjemtilhjem.no.&nbsp;Dersom arbeideren ikke lykkes i rette arbeidet etter&nbsp; to fors&oslash;k, kan du kreve &aring; heve kj&oslash;pet og f&aring; pengene tilbake.</span></p>\n	</dd>\n	<dt style=\\"margin: 0px; padding: 0px; border: 0px; font-family: proxima-nova, sans-serif; font-size: 22px; line-height: 32px; vertical-align: baseline; color: rgb(51, 51, 51); background-color: rgb(255, 255, 255);\\"><span style=\\"font-size:26px;\\"><a name=\\"8\\" style=\\"margin: 0px; padding: 0px; border: 0px; font-family: inherit; font-size: inherit; font-style: inherit; font-variant: inherit; line-height: inherit; vertical-align: baseline; color: rgb(68, 68, 68); outline-width: 0px; outline-style: none;\\"><br />\n	<strong>I hvilke kommuner har Hjem til Hjem AS tjenesteytere?</strong></a></span></dt>\n	<dd style=\\"margin: 0px; padding: 0px; border: 0px; font-family: proxima-nova, sans-serif; font-size: 12px; line-height: 20px; vertical-align: baseline; color: rgb(102, 102, 102); background-color: rgb(255, 255, 255);\\">\n	<p style=\\"margin: 0px; padding: 0px; border: 0px; font-family: inherit; font-size: inherit; font-style: inherit; font-variant: inherit; line-height: inherit; vertical-align: baseline;\\"><br />\n	<span style=\\"font-size:26px;\\">Forel&oslash;pig tilbyr Hjem til Hjem AS tjenester i Bergen og Oslo Kommune. Dersom du bor utenfor disse kommunene kan du kontakte oss p&aring; post@hjemtilhjem.no, s&aring; kan vi unders&oslash;ke hvilke tjenesteytere vi har tilgjengelige i ditt distrikt. </span><br />\n	<br />\n	<br />\n	<br />\n	<br />\n	&nbsp;</p>\n	</dd>\n</dl>\n</div>', '', '', '', '2014-10-30', '0000-00-00', '1', 0, '0'),
(14, 19, 1, 'Article', '<div class=\\"page girl-banner\\"><img src=\\"http://hth.creopark.no/assets/images/bg-banner.png\\" />\n<h2>Heading</h2>\n\n<h4>Subheader</h4>\n\n<p>Lorem Ipsum is simply dummy text of the printing and typesetting industry. Lorem Ipsum has been the industry&#39;s standard dummy text ever since the 1500s, when an unknown printer took a galley of type and scrambled it to make a type specimen book. It has survived not only five centuries, but also the leap into electronic typesetting, remaining essentially unchanged. It was popularised in the 1960s with the release of Letraset sheets containing Lorem Ipsum passages, and more recently with desktop publishing software like Aldus PageMaker including versions of Lorem Ipsum.</p>\n</div>', '', '', '', '2014-07-25', '0000-00-00', '1', 0, '0'),
(15, 20, 1, 'testpage', 'Testskf ksdf sdknf sdkf skdksdfkssd sd sadfa dsfs', 'sdfasfs', 'sdfsdaf', 'sdfsadfsd', '2014-08-11', '0000-00-00', '1', 0, '0'),
(16, 22, NULL, 'Avbrutt betaling', '<div class=\\"page girl-banner\\">\n<h2>Betaling er ikke gjennomf&oslash;rt</h2>\n\n<p>Din betaling gikk ikke gjennom, vennligst pr&oslash;v igjen.</p>\n</div>', '', '', '', '2014-10-15', '2014-10-12', '1', 0, '0');
INSERT INTO `hj_staticpagecontaint` (`id`, `pageid`, `langId`, `pageTitle`, `pageContaint`, `metaTitle`, `keyWords`, `description`, `addDate`, `modDate`, `status`, `addedBy`, `isDeleted`) VALUES
(17, 22, NULL, 'Cancel', '&nbsp;&nbsp; &lt;div class=&quot;page&quot;&gt;&lt;p&gt;&lt;/p&gt; &lt;p&gt;&nbsp;&lt;/p&gt; &lt;p&gt;&nbsp;&lt;/p&gt; &lt;h2&gt;Your Payment has not been successful. Please Try Again&lt;/h2&gt; &lt;p&gt;&nbsp;&lt;/p&gt; &lt;p&gt;&nbsp;&lt;/p&gt; &lt;/div&gt;', '', '', '', '2014-09-23', '2014-09-23', '1', 0, '1'),
(18, 23, NULL, 'Takk for din registrering', '<div id=\\"successregis-left\\">\n<p>&nbsp;</p>\n\n<div style=\\"font-size:18px\\"><span style=\\"font-size:18px;\\">Din informasjon har blitt lagt til.</span></div>\n\n<div id=\\"successregis-pass\\">\n<div id=\\"successregis-fun-left\\">\n<p><span style=\\"font-size:14px;\\">For &aring; bekrefte din bruker har vi sendt deg en epost hvor du m&aring; aktivere din bruker. Du bare klikker p&aring; lenken i eposten og s&aring; er kontoen din aktivert.</span></p>\n\n<p>&nbsp;</p>\n</div>\n</div>\n</div>', '', '', '', '2014-10-12', '0000-00-00', '1', 0, '0'),
(19, 24, NULL, 'Kontakt oss', '<p>&nbsp;</p>\n\n<div class=\\"page girl-banner\\">\n<h2>Kontakt oss</h2>\n\n<p>HJEM TIL HJEM AS<br />\nOrg. nr. 813406942<br />\n<br />\nE-post: post@hjemtilhjem.no<br />\nTlf.: 815 30 800<br />\n<br />\nPostadresse Bergen:&nbsp;&nbsp;&nbsp; Postboks 594 Sentrum<br />\n&nbsp;&nbsp;&nbsp;&nbsp;&nbsp;&nbsp;&nbsp;&nbsp;&nbsp;&nbsp;&nbsp;&nbsp;&nbsp;&nbsp;&nbsp;&nbsp;&nbsp;&nbsp;&nbsp;&nbsp;&nbsp;&nbsp;&nbsp;&nbsp;&nbsp;&nbsp;&nbsp;&nbsp;&nbsp;&nbsp;&nbsp;&nbsp; &nbsp; &nbsp;&nbsp; &nbsp;&nbsp; 5806 BERGEN<br />\n<br />\nPostadresse Oslo:&nbsp;&nbsp;&nbsp;&nbsp;&nbsp;&nbsp;&nbsp; Postboks 851 Sentrum<br />\n&nbsp;&nbsp;&nbsp;&nbsp;&nbsp;&nbsp;&nbsp;&nbsp;&nbsp;&nbsp;&nbsp;&nbsp;&nbsp;&nbsp;&nbsp;&nbsp;&nbsp;&nbsp;&nbsp;&nbsp;&nbsp;&nbsp;&nbsp;&nbsp;&nbsp;&nbsp;&nbsp;&nbsp;&nbsp;&nbsp;&nbsp;&nbsp; &nbsp; &nbsp; &nbsp;&nbsp; 1004 OSLO<br />\n<br />\nBes&oslash;ksadresse: &nbsp; &nbsp; &nbsp; &nbsp; &nbsp;&nbsp; Strandgaten 11, 7 Etasje<br />\n&nbsp;&nbsp;&nbsp;&nbsp;&nbsp;&nbsp;&nbsp;&nbsp;&nbsp;&nbsp;&nbsp;&nbsp;&nbsp;&nbsp;&nbsp;&nbsp;&nbsp;&nbsp;&nbsp;&nbsp;&nbsp;&nbsp;&nbsp;&nbsp;&nbsp;&nbsp;&nbsp;&nbsp;&nbsp;&nbsp; &nbsp; &nbsp; &nbsp; &nbsp;&nbsp; 5013 BERGEN<br />\n&nbsp;</p>\n</div>', '', '', '', '2014-10-15', '0000-00-00', '1', 0, '0');

-- --------------------------------------------------------

--
-- Table structure for table `hj_staticpagetype`
--

CREATE TABLE IF NOT EXISTS `hj_staticpagetype` (
  `id` int(11) NOT NULL AUTO_INCREMENT,
  `position_id` int(11) NOT NULL,
  `pageUrl` varchar(250) NOT NULL DEFAULT '',
  `addDate` date NOT NULL,
  `modDate` date NOT NULL,
  `status` enum('0','1') NOT NULL,
  `addedBy` int(11) NOT NULL,
  `isDeleted` enum('0','1') NOT NULL,
  PRIMARY KEY (`id`)
) ENGINE=InnoDB  DEFAULT CHARSET=utf8 AUTO_INCREMENT=26 ;

--
-- Dumping data for table `hj_staticpagetype`
--

INSERT INTO `hj_staticpagetype` (`id`, `position_id`, `pageUrl`, `addDate`, `modDate`, `status`, `addedBy`, `isDeleted`) VALUES
(1, 1, 'about-us.php', '2013-12-10', '2014-02-17', '0', 1, '1'),
(2, 1, 'howto.php', '2013-11-20', '2014-01-23', '0', 1, '1'),
(3, 1, 'accessories.php', '2013-11-20', '2014-01-23', '0', 1, '1'),
(4, 2, 'Save_the_Date_Magic.php', '2013-11-21', '2014-01-23', '0', 1, '1'),
(5, 2, 'Press_Release', '2013-11-21', '2014-01-23', '0', 1, '1'),
(6, 2, 'Privacy_Policy', '2013-11-21', '2014-02-17', '1', 1, '1'),
(7, 2, 'Site_Policies', '2013-11-21', '2014-01-23', '0', 1, '1'),
(8, 2, 'Pricing', '2013-11-21', '2014-01-23', '0', 1, '1'),
(9, 2, 'faq', '2014-10-15', '2014-06-16', '1', 1, '0'),
(10, 1, 'customer-services.php', '2014-01-15', '2014-02-17', '1', 1, '1'),
(11, 2, 'customer-services.php', '2014-01-15', '2014-02-03', '0', 1, '1'),
(12, 1, 'terms-condition.php', '2014-01-15', '2014-02-17', '1', 1, '1'),
(13, 2, 'terms-condition.php', '2014-10-11', '2014-01-23', '1', 1, '0'),
(14, 2, 'about-us.php', '2014-01-16', '2014-01-23', '1', 1, '1'),
(15, 2, 'business.php', '2014-08-14', '2014-05-21', '1', 1, '0'),
(16, 1, 'aboutus.php', '2014-08-14', '0000-00-00', '1', 1, '0'),
(17, 2, 'ourproduct.php', '2014-10-11', '2014-05-21', '1', 1, '0'),
(18, 2, 'services.php', '2014-08-14', '2014-10-12', '1', 1, '1'),
(19, 2, 'Article', '2014-07-25', '2014-10-09', '1', 0, '1'),
(20, 2, 'testpage.png', '2014-08-11', '2014-08-11', '1', 0, '1'),
(21, 1, 'Cancel', '2014-09-23', '2014-09-23', '1', 0, '1'),
(22, 5, 'Cancel', '2014-09-23', '0000-00-00', '1', 0, '0'),
(23, 5, 'thanks', '2014-09-23', '0000-00-00', '1', 0, '0'),
(24, 1, 'kontaktoss', '2014-10-11', '0000-00-00', '1', 0, '0'),
(25, 5, 'test.php', '2014-11-10', '0000-00-00', '1', 0, '0');

-- --------------------------------------------------------

--
-- Table structure for table `hj_staticpagetypedesc`
--

CREATE TABLE IF NOT EXISTS `hj_staticpagetypedesc` (
  `staticpagetypeId` int(11) NOT NULL,
  `langId` int(11) NOT NULL,
  `staticPageName` varchar(255) CHARACTER SET utf8 NOT NULL
) ENGINE=MyISAM DEFAULT CHARSET=latin1;

--
-- Dumping data for table `hj_staticpagetypedesc`
--

INSERT INTO `hj_staticpagetypedesc` (`staticpagetypeId`, `langId`, `staticPageName`) VALUES
(1, 1, 'About Us'),
(2, 1, 'How To'),
(3, 1, 'Accessories'),
(4, 1, 'Save the Date Magic'),
(5, 1, 'Press Release'),
(6, 1, 'Privacy Policy'),
(7, 1, 'Site Policies'),
(8, 1, 'Pricing'),
(9, 1, 'Ofte stilte spørsmål'),
(10, 1, 'Customer Services'),
(11, 1, 'Customer Services'),
(12, 1, 'Terms and conditions'),
(13, 1, 'Betalingsinformasjon'),
(14, 1, 'About Us'),
(15, 1, 'Bedrift & borettslag'),
(16, 1, 'Om oss'),
(17, 1, 'Større prosjekter'),
(18, 1, 'Tjenester'),
(21, 1, 'Cancel Payment'),
(19, 1, 'Article'),
(20, 1, 'testpage'),
(22, 1, 'Cancel Payment'),
(23, 1, 'Thanks Register'),
(24, 1, 'Kontakt oss'),
(25, 1, 'testing for relative image path');

/*!40101 SET CHARACTER_SET_CLIENT=@OLD_CHARACTER_SET_CLIENT */;
/*!40101 SET CHARACTER_SET_RESULTS=@OLD_CHARACTER_SET_RESULTS */;
/*!40101 SET COLLATION_CONNECTION=@OLD_COLLATION_CONNECTION */;
